gene,term1,term2,term3
tRNA_Phe,tRNA,product,tRNA-Phe
tRNA_Phe,gene,gene,tRNA-Phe
tRNA_Phe,gene,gene,trnF-gaa
tRNA_Phe,gene,gene,trnF GAA
rRNA_12S,rRNA,product,12S ribosomal RNA
rRNA_12S,rRNA,product,s-rRNA
rRNA_12S,rRNA,product,small subunit ribosomal RNA
rRNA_12S,rRNA,gene,12S
tRNA_Val,tRNA,product,tRNA-Val
tRNA_Val,gene,product,tRNA-Val
tRNA_Val,gene,gene,tRNA-Val
tRNA_Val,gene,gene,trnV
tRNA_Val,gene,gene,trnV-uac
tRNA_Val,gene,gene,trnV TAC
rRNA_16S,rRNA,product,16S ribosomal RNA
rRNA_16S,rRNA,product,l-rRNA
rRNA_16S,rRNA,product,large subunit ribosomal RNA
rRNA_16S,rRNA,gene,16S
tRNA_Leu1,tRNA,product,tRNA-Leu1
tRNA_Leu1,gene,gene,tRNA-Leu1
ND1,gene,gene,ND1
ND1,gene,gene,nad1
ND1,gene,gene,NADH1
tRNA_Ile,tRNA,product,tRNA-Ile
tRNA_Ile,tRNA,gene,trnI
tRNA_Ile,tRNA,gene,trnI-gau
tRNA_Ile,tRNA,gene,trnI GAT
tRNA_Gln,tRNA,product,tRNA-Gln
tRNA_Gln,tRNA,gene,trnQ
tRNA_Gln,tRNA,gene,trnQ-uug
tRNA_Gln,tRNA,gene,trnQ TTG
tRNA_Met,tRNA,product,tRNA-Met
tRNA_Met,tRNA,gene,trnM
tRNA_Met,tRNA,gene,trnM-cau
tRNA_Met,tRNA,gene,trnM CAT
ND2,gene,gene,ND2
ND2,gene,gene,nad2
tRNA_Trp,tRNA,product,tRNA-Trp
tRNA_Trp,tRNA,gene,trnW
tRNA_Trp,tRNA,gene,trnW-uca
tRNA_Trp,tRNA,gene,trnW TCA
tRNA_Ala,tRNA,product,tRNA-Ala
tRNA_Ala,tRNA,gene,trnA
tRNA_Ala,tRNA,gene,trnA-ugc
tRNA_Ala,tRNA,gene,trnA TGC
tRNA_Asn,tRNA,product,tRNA-Asn
tRNA_Asn,tRNA,gene,trnN
tRNA_Asn,tRNA,gene,trnN-guu
tRNA_Asn,tRNA,gene,trnN GTT
tRNA_Cys,tRNA,product,tRNA-Cys
tRNA_Cys,tRNA,gene,trnC
tRNA_Cys,tRNA,gene,trnC-gca
tRNA_Cys,tRNA,gene,trnC GCA
tRNA_Tyr,tRNA,product,tRNA-Tyr
tRNA_Tyr,tRNA,gene,trnY
tRNA_Tyr,tRNA,gene,trnY-gua
tRNA_Tyr,tRNA,gene,trnY GTA
COI,gene,gene,COI
COI,gene,gene,COX1
COI,gene,gene,cox1
COI,gene,gene,CO1
COI,CDS,gene,COX1
COI,gene,gene,COXI
tRNA_Ser1,tRNA,product,tRNA-Ser1
tRNA_Ser1,gene,gene,tRNA-Ser1
tRNA_Asp,tRNA,product,tRNA-Asp
tRNA_Asp,tRNA,gene,trnD
tRNA_Asp,tRNA,gene,trnD-guc
tRNA_Asp,tRNA,gene,trnD GTC
COII,gene,gene,COII
COII,gene,gene,COX2
COII,gene,gene,cox2
COII,gene,gene,COXII
COII,gene,gene,CO2
tRNA_Lys,tRNA,product,tRNA-Lys
tRNA_Lys,tRNA,gene,trnK
tRNA_Lys,tRNA,gene,trnK-uuu
tRNA_Lys,tRNA,gene,trnK TTT
ATP8,gene,gene,ATP8
ATP8,gene,gene,atp8
ATP8,CDS,gene,ATP8
ATP8,CDS,note,ATPase8
ATP8,CDS,note,ATPase 8
ATP8,gene,gene,ATPase 8
ATP6,gene,gene,ATP6
ATP6,gene,gene,atp6
ATP6,CDS,note,ATPase6
ATP6,gene,gene,ATPase 6
ATP6,CDS,note,ATPase 6
COIII,gene,gene,COIII
COIII,gene,gene,COX3
COIII,gene,gene,cox3
COIII,gene,gene,CO3
COIII,gene,gene,COXIII
tRNA_Gly,tRNA,product,tRNA-Gly
tRNA_Gly,tRNA,gene,trnG
tRNA_Gly,tRNA,gene,trnG-ucc
tRNA_Gly,tRNA,gene,trnG TCC
ND3,gene,gene,ND3
ND3,gene,gene,nad3
tRNA_Arg,tRNA,product,tRNA-Arg
tRNA_Arg,tRNA,gene,trnR
tRNA_Arg,tRNA,gene,trnR-ucg
tRNA_Arg,tRNA,gene,trnR TCG
ND4L,gene,gene,ND4L
ND4L,gene,gene,nd4l
ND4L,gene,gene,nad4l
ND4L,gene,gene,NADH dehydrogenase subunit 4L
ND4,gene,gene,ND4
ND4,gene,gene,nd4
ND4,gene,gene,nad4
tRNA_His,tRNA,product,tRNA-His
tRNA_His,tRNA,gene,trnH
tRNA_His,tRNA,gene,trnH-gug
tRNA_His,tRNA,gene,trnH GTG
tRNA_Ser2,tRNA,product,tRNA-Ser
tRNA_Ser2,tRNA,gene,trnS
tRNA_Ser2,tRNA,gene,trnS-uga
tRNA_Ser2,gene,gene,trnS GCT
tRNA_Leu2,tRNA,product,tRNA-Leu
tRNA_Leu2,gene,gene,tRNA-Leu
tRNA_Leu2,gene,gene,trnL
tRNA_Leu2,gene,gene,trnL-uag
tRNA_Leu2,gene,gene,trnL TAG
ND5,gene,gene,ND5
ND5,gene,gene,nd5
ND5,gene,gene,nad5
ND5,gene,gene,NADH dehydrogenase subunit 5
ND6,gene,gene,ND6
ND6,gene,gene,nd6
ND6,gene,gene,nad6
ND6,gene,gene,NADH dehydrogenase subunit 6
tRNA_Glu,tRNA,product,tRNA-Glu
tRNA_Glu,gene,gene,tRNA-Glu
tRNA_Glu,tRNA,gene,tRNA-Glu
tRNA_Glu,tRNA,gene,trnE
tRNA_Glu,tRNA,gene,trnE-uuc
tRNA_Glu,tRNA,gene,trnE TTC
CYTB,gene,gene,CYTB
CYTB,gene,gene,cytb
CYTB,gene,gene,cob
CYTB,gene,gene,Cyt B
CYTB,gene,gene,Cyt b
CYTB,gene,gene,Cytb
CYTB,gene,gene,cyt b
tRNA_Thr,tRNA,product,tRNA-Thr
tRNA_Thr,gene,gene,tRNA-Thr
tRNA_Thr,gene,gene,trnT-ugu
tRNA_Thr,gene,gene,trnT TGT
tRNA_Thr,gene,gene,threonine tRNA
tRNA_Pro,tRNA,product,tRNA-Pro
tRNA_Pro,gene,gene,tRNA-Pro
tRNA_Pro,gene,gene,trnP-ugg
tRNA_Pro,gene,gene,trnP TGG
tRNA_Pro,gene,gene,proline tRNA
D_loop,D-loop,note,control region
D_loop,D-loop,note,mitochondrial control region
D_loop,misc_feature ,note,control region
D_loop,misc_feature ,note,"control region, D-loop"
D_loop,D-loop,,
